,0,1,2,3,4
Test,K-S p_value,PSI,Kullback-Leibler divergence,Jensen-Shannon distance,Wasserstein distance (normed)
t=20000,0.0,0.6672533199776749,0.38718842921618896,0.2722175108981981,0.5666162369457185
t=20100,0.0,0.6653229207558768,0.3863867433466644,0.2717883300201789,0.5674828333586317
t=20200,0.0,0.6641777712438817,0.38603486915210117,0.2715297517140986,0.5699103374125252
t=20300,0.0,0.6631235158927646,0.3856167446182409,0.2712990893072638,0.5699824593390982
t=20400,0.0,0.6628003612687114,0.3856561477644698,0.27123298223126596,0.5718593563788269
t=20500,0.0,0.6642028602899157,0.38658684091253925,0.27153947290222574,0.5763721823206603
t=20600,0.0,0.6635855832155907,0.3865063276134129,0.2713934640173019,0.5775811366275421
t=20700,0.0,0.6654325065328102,0.38767193961834645,0.27179581492729005,0.5801673020727632
t=20800,0.0,0.6704250100054798,0.39057852883821953,0.2728831902727477,0.5839829631907313
t=20900,0.0,0.6756377009698815,0.39380551936332847,0.2739272065215554,0.5886263493362485
t=21000,0.0,0.6862673901669922,0.40125326782266835,0.27571359697933456,0.5923729816440174
t=21100,0.0,0.6943882638455775,0.4071840986003292,0.27695123136642696,0.5960424573175604
t=21200,0.0,0.7029950816388467,0.41286549567620845,0.2785321957239047,0.5985317183460169
t=21300,0.0,0.7121959136083434,0.41882629160822027,0.2802427739533409,0.5997863521920087
t=21400,0.0,0.7204361774311244,0.4244732125134667,0.2817111901973506,0.6005181968718359
t=21500,0.0,0.7242009537486309,0.4270239836601879,0.282465826316161,0.5984858690806201
t=21600,0.0,0.7213804201323111,0.4258864203060968,0.2818774799496074,0.5946198347172954
t=21700,0.0,0.7249197658917698,0.4283802336675045,0.2826392106735998,0.5926823541376323
t=21800,0.0,0.7295055571332875,0.43142130109464966,0.2836114951548603,0.5914894217018183
t=21900,0.0,0.7331303286738741,0.4342896289653301,0.2842470929768908,0.588475698767519
t=22000,0.0,0.7361974145749469,0.43654198459090904,0.2848942219811546,0.5874224492587696
t=22100,0.0,0.7369654597536739,0.4374647828129321,0.28507120434035627,0.5850768547236775
t=22200,0.0,0.7344915489324788,0.43642776112728976,0.28458643514412063,0.5805594183576406
t=22300,0.0,0.7404069402445742,0.44042270121364463,0.2856807050467106,0.579894501786406
t=22400,0.0,0.7522495302967178,0.44793780806235717,0.28783120595683614,0.581283848483321
t=22500,0.0,0.7603259401847036,0.4528166852211513,0.28945563984503214,0.5808214599334559
t=22600,0.0,0.7688285066732142,0.4583334733014511,0.2910265704139548,0.5808601975706339
t=22700,0.0,0.7767514317130041,0.4632691920086057,0.29256812316775266,0.5802742538016961
t=22800,0.0,0.7855237980788512,0.46893687281668334,0.29415985709787096,0.5779892018915325
t=22900,0.0,0.7927332179692881,0.4735351167011333,0.29544050576529757,0.5772015166825356
t=23000,0.0,0.7997867466125905,0.47838000917429413,0.29660347630583184,0.5764627007052158
t=23100,0.0,0.8083167872238527,0.48383521596891527,0.2981844465828046,0.5756929861219187
t=23200,0.0,0.8193753050790967,0.4908976102370569,0.30015039609934646,0.5767431113440293
t=23300,0.0,0.8183987209227493,0.4905733590606201,0.2999704138482398,0.5744317387911331
t=23400,0.0,0.8176533240824067,0.4903269450864639,0.2998332306027535,0.5721224769104556
t=23500,0.0,0.8082552985520435,0.48468312686756077,0.29820627531918503,0.5665663048273708
t=23600,0.0,0.7979181182319959,0.4784716779808285,0.2963938450542476,0.5611822186782155
t=23700,0.0,0.7936551563884505,0.47593369492585424,0.29558020717169736,0.5586042274897451
t=23800,0.0,0.7852532399482915,0.47047509499025764,0.2942556251775325,0.5560222681265032
t=23900,0.0,0.7788141142434115,0.466706157684224,0.2930977872546807,0.5537014501121422
t=24000,0.0,0.7717850985210424,0.46219529551187133,0.291913998482619,0.5511083985229781
t=24100,0.0,0.7724048766693442,0.4625700866229123,0.2920551431911267,0.551097224918787
t=24200,0.0,0.7750257664907296,0.46412149798922014,0.29256252409227823,0.5514929003897123
t=24300,0.0,0.7777639370020375,0.4658400394035739,0.2930927469559445,0.5513799972053062
t=24400,0.0,0.7824474510975188,0.4687291421817041,0.29399372901689963,0.5515050018416939
t=24500,0.0,0.7851695161995316,0.4701741848841405,0.294606361969205,0.5519692814844279
t=24600,0.0,0.7911613763182536,0.4740450720227659,0.2956574418551602,0.5521485341914859
t=24700,0.0,0.7940214203637633,0.4758191690835542,0.2962016435315539,0.5518007274706314
t=24800,0.0,0.8013964526677433,0.48039371183972523,0.2975682138524258,0.5526301658624588
t=24900,0.0,0.8081315105625059,0.48452011499306563,0.29882292811395794,0.5543214060932015
t=25000,0.0,0.8115535393344763,0.4868214737315737,0.2994598960026238,0.5554778649307944
t=25100,0.0,0.8241180217184422,0.49529304079414815,0.3013396919310674,0.5610533248252738
t=25200,0.0,0.828510078718384,0.4974393758317174,0.30218696044518245,0.5687482683144697
t=25300,0.0,0.8290888806983082,0.4976377380582355,0.3022947407997965,0.5711081397343436
t=25400,0.0,0.8299801252584579,0.4979415940492859,0.302460110368398,0.5722622083353547
t=25500,0.0,0.8314776089387775,0.49843892417602764,0.3027340898080819,0.5741219584058849
t=25600,0.0,0.8331801031999012,0.49900932113844704,0.30304648582967064,0.5775681354326364
t=25700,0.0,0.8344347732887704,0.499434201903288,0.3032777388047061,0.5779650908527288
t=25800,0.0,0.8369121977681161,0.5002451636229176,0.30372543628512966,0.5812079285922738
t=25900,0.0,0.8390485533734674,0.5009394425090805,0.3041090292481889,0.5835179975117647
t=26000,0.0,0.8409058548598524,0.5015516285981985,0.3044449185354217,0.584909470627368
t=26100,0.0,0.8428812448668005,0.5022023589990525,0.3048014541469344,0.5873241656707218
t=26200,0.0,0.8446425867742146,0.5027593486577382,0.3051117081535745,0.5889871478299411
t=26300,0.0,0.8469307247752013,0.5035009808115012,0.30551947478725755,0.5909457912447248
t=26400,0.0,0.8495721975101299,0.5043852746670201,0.3059973088591488,0.5930039038469779
t=26500,0.0,0.8536143505918979,0.5056986988301858,0.3067142979465016,0.5957074059789018
t=26600,0.0,0.8577483410628318,0.5070273319548925,0.3074403776781669,0.5984658338282166
t=26700,0.0,0.8619817540193792,0.5083901839441681,0.3081817234704908,0.6012438381849501
t=26800,0.0,0.865630851817974,0.5095501020695418,0.30881671463023247,0.6021584568437416
t=26900,0.0,0.8680093165923858,0.5103146491369738,0.30923097756333967,0.6036296808566378
t=27000,0.0,0.8701674793063886,0.5110343247548367,0.30961454799054955,0.6048902831307317
t=27100,0.0,0.8729120265348639,0.5119380795769385,0.3100983967949939,0.6063708083054814
t=27200,0.0,0.8764403087171527,0.5130869104023889,0.3107160211661477,0.6067995793052429
t=27300,0.0,0.8825310860206542,0.5157636573420938,0.3117832045359049,0.6095320657823143
t=27400,0.0,0.8988827754913874,0.5244949975735959,0.3146139720437099,0.61429864452637
t=27500,0.0,0.9200143164378137,0.5377300127416628,0.317426440937288,0.6234646631791539
t=27600,0.0,0.9441100011680766,0.5547417670532689,0.3201637944061454,0.6310871050518119
t=27700,0.0,0.9465554690134446,0.5566243512386919,0.3204733401856449,0.6309403823881949
t=27800,0.0,0.9482808152802684,0.5576824505167147,0.3207934746035275,0.6306674870099428
t=27900,0.0,0.949371753627774,0.5583141470516503,0.32099827815488946,0.6302839174116265
t=28000,0.0,0.951682261093076,0.5596258136274417,0.3214302506467565,0.6300622378439021
t=28100,0.0,0.9541111210055427,0.5609875790628444,0.3218841893227524,0.6298036011516437
t=28200,0.0,0.9571875415782181,0.5627159027945662,0.322455843334783,0.6296291139456968
t=28300,0.0,0.961392786256658,0.5650662858058163,0.32323428268491894,0.6295031270910256
t=28400,0.0,0.9653474438919599,0.5672722564724823,0.32396321680675944,0.6293640720866875
t=28500,0.0,0.9709836897255854,0.5704531365160922,0.32499346574111976,0.6293517292426241
t=28600,0.0,0.9768593681860328,0.573831790831438,0.32605476203455175,0.6294904875163665
t=28700,0.0,0.982553742591851,0.5771173676479601,0.3270750163521759,0.6296486853871409
t=28800,0.0,0.9882076757258674,0.5804859151791147,0.32807101300404706,0.6301652310460026
t=28900,0.0,0.9957003540576339,0.5849236829492482,0.32938285302343406,0.6307538031846016
t=29000,0.0,1.0083307302964915,0.5939166109045871,0.331035872560292,0.6311885155401542
t=29100,0.0,1.028720027757835,0.6096639547809511,0.33320758001991313,0.6310165576108215
t=29200,0.0,1.0503246007832983,0.626297092936872,0.33550662404229664,0.6312573640081066
t=29300,0.0,1.0615873529166127,0.6336099074503331,0.3371993007105917,0.6316108865359417
t=29400,0.0,1.071371553507742,0.6395267261705431,0.33881126346735313,0.6318232158954331
t=29500,0.0,1.0800166002109308,0.6447811632402886,0.34021829721016933,0.6319526340283574
t=29600,0.0,1.0909176667823481,0.6515280501026984,0.3419562929240304,0.6323224852898054
t=29700,0.0,1.0958433191223569,0.6540657327963157,0.34291076987055275,0.6320403795177691
t=29800,0.0,1.0390109939775913,0.6051324242712951,0.33860116805127644,0.6300547976049409
t=29900,0.0,1.0077050111858532,0.5798184239269019,0.33547817910661965,0.6283852227411041
t=30000,0.0,0.9800430910231168,0.5579175031345842,0.3324735275850498,0.6266229164039084
t=30100,0.0,0.9637606511616963,0.5451597555580886,0.330595002899846,0.6251587056037987
t=30200,0.0,0.9568984782439909,0.5406282310090953,0.32948600185300475,0.6239125440681149
t=30300,0.0,0.9464431419131405,0.5340292235647761,0.32773453437818595,0.6227172144259703
t=30400,0.0,0.9373033621384825,0.5284570717552546,0.326162035838973,0.6219378257669993
t=30500,0.0,0.9281607585181291,0.5228454086892227,0.32457490903414077,0.6208333505739113
t=30600,0.0,0.9252576092253783,0.521708188828409,0.3238525118015686,0.6189219228502025
t=30700,0.0,0.9281710553088514,0.5241638454186869,0.3240932633118348,0.6162721038520993
t=30800,0.0,0.933034825767789,0.5284999746563935,0.3244918689574516,0.6128320036072276
t=30900,0.0,0.9371832144455744,0.5318877500348134,0.32495647464216476,0.6067976059951536
t=31000,0.0,0.9425353346888531,0.5362599252086605,0.32560635522073567,0.6000460392834714
t=31100,0.0,0.9486865545071029,0.5414325150043525,0.3263418650975317,0.5920774359055836
t=31200,0.0,0.9509549070418464,0.5441853849140341,0.32645336794522106,0.5833240257280932
t=31300,0.0,0.9532698444922227,0.5468546955783119,0.326642607187144,0.5744142074532028
t=31400,0.0,0.9554341586354085,0.5496542552229664,0.32677994958662665,0.5650994745956571
t=31500,0.0,0.9553555414443231,0.5509597490250722,0.3265695818987823,0.5553562645971514
t=31600,0.0,0.9614834985119912,0.5563284524874059,0.3272972461004199,0.5458348821444593
t=31700,0.0,0.9624290194917642,0.5579450013325199,0.3272949826771691,0.5357495663245614
t=31800,0.0,0.9632049871350432,0.5591251041943824,0.32729979516060015,0.5258661821285124
t=31900,0.0,0.9664468651844113,0.5620776975955161,0.3276778630273391,0.5165607625330783
t=32000,0.0,0.9828609781833774,0.5733243799669272,0.3301185630675287,0.5101618692660542
t=32100,0.0,1.004913368511274,0.5879595778896404,0.33338133373917717,0.5036568346001808
t=32200,0.0,1.020582027302649,0.5981333865975141,0.3357234532796699,0.4961259491528857
t=32300,0.0,1.0380560778612256,0.6097357816642858,0.3382393032652643,0.48865236633314557
t=32400,0.0,1.0559914179113141,0.6218339688413267,0.34076960169289255,0.481144635197581
t=32500,0.0,1.0769884750525043,0.6358220829874148,0.3436950539096419,0.4741156212809597
t=32600,0.0,1.0966054770712723,0.6485167694885806,0.34647955292189747,0.4674374151105357
t=32700,0.0,1.1191520327176174,0.6636928453148879,0.3495138080501686,0.4610630350303592
t=32800,0.0,1.1424118249059965,0.6797616704010604,0.3525374516433475,0.45399629192820284
t=32900,0.0,1.157232961803803,0.6893952095188817,0.3545095865542396,0.4465244484802289
t=33000,0.0,1.159666957341779,0.6902253417084926,0.35489161497685895,0.4375133641134094
t=33100,0.0,1.1628338131030131,0.6912941138169097,0.3553849785680991,0.4282868130644484
t=33200,0.0,1.1658136015997738,0.6923068811726732,0.3558506373927787,0.4190385062031857
t=33300,0.0,1.1722117718594085,0.6956426512709407,0.3567460833913269,0.4100769863327395
t=33400,0.0,1.1869989735382414,0.7049709836350533,0.3587027862755122,0.40164845137045857
t=33500,0.0,1.1940135505980376,0.70856802985918,0.3596764092669142,0.39280151394210255
t=33600,0.0,1.1996504974714168,0.7110960807805475,0.36048903643654034,0.3842360647531446
t=33700,0.0,1.2040231082023267,0.7125803111088713,0.36116086705177664,0.37583208218254766
t=33800,0.0,1.2219351181020472,0.7240494167100471,0.3634263453956234,0.3685382637655797
t=33900,0.0,1.2318970920368468,0.7293355956954874,0.36478558438149955,0.3611761125129907
t=34000,0.0,1.2448477241390272,0.7369388504233902,0.36646336440771043,0.3547159437326062
t=34100,0.0,1.260384175628965,0.7464288856436163,0.36842716061113784,0.34865882238438545
t=34200,0.0,1.2473827837886988,0.7351438768300663,0.36734611161681113,0.3414715779101592
t=34300,0.0,1.2440613855701492,0.7320014698357181,0.36700361081650656,0.3347594805301946
t=34400,0.0,1.2471575706902893,0.7339836216111741,0.36726778867143356,0.3291483243258067
t=34500,0.0,1.2578410281680021,0.7418332584951124,0.3682812962186019,0.3242837511414704
t=34600,0.0,1.2770571608101822,0.755880554349081,0.370298502116329,0.31990290794192905
t=34700,0.0,1.2885303891508917,0.7639738259189786,0.3715580504793797,0.3157385330032255
t=34800,0.0,1.2987778028746422,0.7721427639799155,0.3727677460496243,0.31563797792246157
t=34900,0.0,1.3064695720708768,0.7777495517437691,0.3736204047651016,0.3156560331854334
t=35000,0.0,1.3071207540312886,0.7779663698710401,0.3737127724833398,0.3117010454042663
t=35100,0.0,1.3085508772311556,0.7784682015527021,0.37392203918849204,0.3078426654706049
t=35200,6.181797e-317,1.309293091091813,0.7785469655380726,0.3740466624645864,0.30495615897080275
t=35300,2.2351656583934606e-300,1.3105100093876068,0.7788064893696729,0.37424388466886893,0.302229352225809
t=35400,2.834175601222385e-284,1.31128353668546,0.7788137806975662,0.37440790449565525,0.2995972985362262
t=35500,1.263641429102537e-268,1.3131892267974805,0.7796236705822145,0.3747117080330841,0.2967977904720349
t=35600,1.9861939828315955e-253,1.3156550912884146,0.7806451581396758,0.3751007040861988,0.29449774476099816
t=35700,1.103326349702416e-238,1.318473727861431,0.7818014685215493,0.3755414201030362,0.2922227866925285
t=35800,2.171292442194439e-224,1.3219173006556015,0.7832649642382962,0.3760885083554187,0.29008311160687594
t=35900,1.5173167877642902e-210,1.3253593588759576,0.7848085172871276,0.37664425988542205,0.28778882126259686
t=36000,3.77358385070921e-197,1.3302707463109806,0.7868573027636505,0.3774073071412646,0.2856596463291713
t=36100,3.3472853908718287e-184,1.3356163712158664,0.7891144808113831,0.3782357459528044,0.2838868820454489
t=36200,1.061204522426271e-171,1.341229508144135,0.7914976130428196,0.37909614721928014,0.2821184412968775
t=36300,4.151155104075221e-170,1.3641316316627115,0.807674959021417,0.3817297319777528,0.282918301333821
t=36400,2.4770680012646134e-171,1.3863874863365635,0.8242045121475919,0.3838182954590175,0.28368849666843865
t=36500,6.027680490659919e-172,1.3920810741008336,0.8317872819235086,0.3833200567692027,0.2834979204430585
t=36600,1.9423044744164602e-172,1.4096233031675882,0.8489204208735464,0.3839481661013474,0.2833999676276656
t=36700,4.704599345342784e-173,1.4230098561329108,0.862219078966915,0.3844310305275743,0.2827732365668991
t=36800,8.552578407898548e-174,1.4318038972005085,0.871437924482778,0.38469991402453596,0.28182785979419367
t=36900,6.434823957844872e-174,1.4405184211468312,0.8800419349632463,0.38506933076414784,0.2807579450033198
t=37000,6.434823957844872e-174,1.4413191318476835,0.8813680859307016,0.3850060415390039,0.2793816028248479
t=37100,9.875302245972782e-186,1.4413003627049163,0.8815737753506623,0.38501502739062593,0.27739793501151255
t=37200,1.3340221063507482e-198,1.442695417862453,0.8824605293542443,0.38525078406782315,0.2754989825248245
t=37300,1.8587852744611402e-209,1.4458069275702516,0.884438089128493,0.38573154338141913,0.27371843522602957
t=37400,1.8587852744611402e-209,1.449479956905656,0.886436780714589,0.38633173189506326,0.27158537272168504
t=37500,1.8587852744611402e-209,1.454766105092352,0.8891851961109546,0.3871824326546836,0.2695056969755064
t=37600,4.7483898276337433e-209,1.4632172667667922,0.8939966692445259,0.388406147831653,0.2681318973677991
t=37700,1.0155397711333567e-216,1.471495603327306,0.8982769640363029,0.38969757166703983,0.26626686735771843
t=37800,9.122555850392173e-231,1.4813420353080498,0.9034541977546605,0.39122694561631105,0.2636169572043375
t=37900,2.9068921756329406e-245,1.493411130221268,0.9098553950932653,0.3930624799739905,0.26096854764429644
t=38000,3.277980892924682e-260,1.5059730630456944,0.9165684194059182,0.39494803404605794,0.25857824349451536
t=38100,3.6066027919815006e-270,1.5325910677657053,0.9340195245051105,0.3981160398845532,0.2576350699690702
t=38200,3.6528549559011446e-283,1.5565780340064046,0.948686132588932,0.40120827481136195,0.2566462292629119
t=38300,1.5805038073522533e-294,1.5957653211647451,0.976215469839914,0.4053584588122441,0.25620256510415734
t=38400,9.005514341412886e-308,1.6355652909088803,1.0035502759149793,0.40975451704534943,0.2557483329994632
t=38500,1.257e-319,1.6565837404114208,1.0173946847702997,0.41207332856532214,0.25508756852692305
t=38600,0.0,1.663943070838802,1.0201314872530232,0.41309664054622036,0.25379370816105923
t=38700,0.0,1.672230453696149,1.0232546670525975,0.41424700778195106,0.2528009650087314
t=38800,0.0,1.6813406792635635,1.0267131890115855,0.41550762151644144,0.25180973887382707
t=38900,0.0,1.6911204715020833,1.0304457052092093,0.4168543971933311,0.2506472314882897
t=39000,0.0,1.701534475554744,1.0344402391764662,0.41828104316473297,0.2495295197744769
t=39100,0.0,1.7126594454761537,1.0387432684207907,0.4197978547422529,0.24830745466048493
t=39200,0.0,1.7244341726935524,1.0433344008339134,0.42139433764136647,0.24727800842450806
t=39300,0.0,1.735432964853345,1.0475385307374812,0.42286627299143076,0.24573386367440084
t=39400,0.0,1.7450971307506542,1.0511094975556732,0.424138677495367,0.24376648432501946
t=39500,0.0,1.7541436759505777,1.0543828415445198,0.4253145543193683,0.2420814065137166
t=39600,0.0,1.7644783595308258,1.0582071007299128,0.42665910920168765,0.24192773368772466
t=39700,0.0,1.776101057705736,1.062625330303972,0.428172356912815,0.24297988233112675
t=39800,0.0,1.787685503371642,1.0669965094370013,0.4296671904544041,0.24423013210840963
t=39900,0.0,1.7989880966759457,1.0712315474092688,0.4311109135730722,0.2456017897445637
t=40000,0.0,1.8115369705956796,1.076023037441525,0.43271293657234405,0.24776420899159873
t=40100,0.0,1.8243955962032397,1.080977280540712,0.43434398567172855,0.25027396643749494
t=40200,0.0,1.8368978575959272,1.0857569998456493,0.43591193551943286,0.25294324403810226
t=40300,0.0,1.8498739457406423,1.0907415459620238,0.4375298623643584,0.2559000801742491
t=40400,0.0,1.8647741415889456,1.0966421214796334,0.4393932734784667,0.2592573756748249
t=40500,0.0,1.8783313831499857,1.1019802928647608,0.4410628116013176,0.2625024855524328
t=40600,0.0,1.8923960052197295,1.1075549131776647,0.4427842707313685,0.26587861796038553
t=40700,0.0,1.9073579988309755,1.1136303611782952,0.4446099539895497,0.26955137722449835
t=40800,0.0,1.921983124612493,1.1195971201493313,0.44637526796910076,0.2733188019381536
t=40900,0.0,1.9378253182466967,1.1261185635348248,0.44827542353269517,0.2771627211276449
t=41000,0.0,1.9552161058409279,1.1343021566212343,0.45021851106277205,0.2795603227656092
t=41100,0.0,1.9807151576627204,1.149124963991642,0.4526090847943685,0.2821301003634233
t=41200,0.0,1.9989911880813431,1.1567377247683275,0.45477070818040904,0.28601434726080743
t=41300,0.0,2.0151568937937525,1.163002608219583,0.45664542239530903,0.2892759208463738
t=41400,0.0,2.0364530382044577,1.1724505691834797,0.45913150621987914,0.29347075352218455
t=41500,0.0,2.0643009946644857,1.1874774579286231,0.46192440794372935,0.2966613937814633
t=41600,0.0,2.1315854380470767,1.2380610683033353,0.4664836542086628,0.29856898288383055
t=41700,0.0,2.1535583010891663,1.2476093638539756,0.46899297756448555,0.30195581211353845
t=41800,0.0,2.1777164374070845,1.2585747260945306,0.4717207517389327,0.3056536999674917
t=41900,0.0,2.208085633964634,1.2758564099375491,0.47457113700349407,0.30827986031510723
t=42000,0.0,2.233797044141497,1.2880647047679374,0.47740233971000606,0.31243657711340184
t=42100,0.0,2.260019141725977,1.3004709446085416,0.4802703686054308,0.3163088843795893
t=42200,0.0,2.3145488272596615,1.3386280844728629,0.4841852106280384,0.3187259803400195
t=42300,0.0,2.3451182118453433,1.3540960000181352,0.48742956481147925,0.32275410514647734
t=42400,0.0,2.3749870685304435,1.3691457516294243,0.49055655122682135,0.3268338438458206
t=42500,0.0,2.410215536920018,1.3888149473210925,0.49389657855199354,0.33068628465013816
t=42600,0.0,2.442894077568071,1.406750590313024,0.4970010355821386,0.33482657352497086
t=42700,0.0,2.475851942321316,1.4244347638993076,0.5002552953554399,0.3390996909017352
t=42800,0.0,2.518722197700504,1.4501985501070516,0.5040552391272295,0.3421019531491866
t=42900,0.0,2.5624838888238313,1.4767251646529778,0.5079005777455667,0.34612538353951616
t=43000,0.0,2.604313719981391,1.5014257418403991,0.5116925944132216,0.35061420334371685
t=43100,0.0,2.650401046185463,1.529121686396513,0.5158040592221437,0.3546223916358773
t=43200,0.0,2.693750876693626,1.5562008168934185,0.5193810721255108,0.35957922628728106
t=43300,0.0,2.7490589399404,1.5926226776072323,0.5237392502845527,0.36360060198925226
t=43400,0.0,2.821586362781149,1.6439701976723546,0.5288680612798929,0.36760246555717785
t=43500,0.0,2.9026502625009583,1.7061548752245514,0.5334858211235733,0.37092107588729484
t=43600,0.0,2.9996696332736867,1.7857782092692542,0.5378209580305854,0.37347692118341014
t=43700,0.0,3.109488543848468,1.8752374166728865,0.5426526541606137,0.37799643488948853
t=43800,0.0,3.2384248964412223,1.983923793272811,0.5475872364495514,0.38265771444492536
t=43900,0.0,3.4185499562076465,2.1422310371686493,0.5530184220321523,0.38738764047467295
t=44000,0.0,3.701296105299244,2.403998129397086,0.5581725951716796,0.39253117100842544
t=44100,0.0,3.9886766182948312,2.671130780360181,0.5627460485263701,0.39952439645957255
t=44200,0.0,4.441082881843204,3.1027461141781703,0.5673522592997718,0.40671321503217306
t=44300,0.0,4.515950974979733,3.1566871608678264,0.5718632285117491,0.413421663167902
t=44400,0.0,4.606583537538034,3.2252234444233463,0.5767619384712678,0.4205213082915671
t=44500,0.0,4.708473014286972,3.3052323421600645,0.5816030775600891,0.4281109448479789
t=44600,0.0,4.8397506123293415,3.412509182846339,0.5871123157566878,0.4352365742272018
t=44700,0.0,5.042606842945233,3.5894104324709786,0.5933098315150326,0.44173617042401
t=44800,0.0,5.119874975813615,3.6395606241020055,0.6002355376174902,0.4484855198198652
t=44900,0.0,5.658084121339501,4.1489811221721515,0.6096586108797022,0.456259700961807
t=45000,0.0,5.667272083680394,4.1506599679546445,0.6102047769987629,0.46378688369785964
t=45100,0.0,5.676483450236554,4.1523357818168645,0.6107495674669048,0.47131745702303074
t=45200,0.0,5.685716617229442,4.154002550287331,0.611291932692497,0.47902681595303037
t=45300,0.0,5.695620676490789,4.155861573549798,0.6118885240762666,0.48668131795964004
t=45400,0.0,5.7058169757733825,4.157799112446908,0.6125067536904222,0.49428594163758266
t=45500,0.0,5.715957558899416,4.159697002201542,0.6131148016666562,0.5020032243328569
t=45600,0.0,5.7271085452336195,4.161917942924654,0.613810085573636,0.5095945870314195
t=45700,0.0,5.738896455258593,4.164349800182729,0.614560153265321,0.5171365750301904
t=45800,0.0,5.748708266649064,4.166405822607956,0.6151912949000845,0.5252637392543279
t=45900,0.0,5.684813146467134,4.10715160391346,0.6132863457708491,0.5338015959504921
t=46000,0.0,5.404984849059741,3.8376661577612152,0.6086515724672963,0.5365438839592895
t=46100,0.0,5.212547123934202,3.6485296507771086,0.6061239716981193,0.542066040926191
t=46200,0.0,5.172116500759582,3.609879872491507,0.6047629119562778,0.5472977230985513
t=46300,0.0,5.032931414804041,3.475559160422124,0.6018888245240483,0.5499870601520781
t=46400,0.0,5.017383939344886,3.458316125476231,0.6015849114138846,0.5586858292747828
t=46500,0.0,5.026035446784978,3.46142364978024,0.6023882542310048,0.5679731795386784
t=46600,0.0,5.029791796155859,3.4606753138107544,0.6028861044972597,0.5771555066934438
t=46700,0.0,5.023470220479104,3.452808914782475,0.6026947208636864,0.586334172342379
t=46800,0.0,5.005691931120877,3.4336014076601153,0.6022814413363404,0.5950484569000161
t=46900,0.0,4.990977129425238,3.4174081448043134,0.6019329650764234,0.6020786090798491
t=47000,0.0,4.979575320442827,3.4038289688549273,0.6017689840560224,0.6087152369242388
t=47100,0.0,4.91638057801001,3.336171204268449,0.6021908673524398,0.6154633933314484
t=47200,0.0,4.91779683865831,3.337158631103127,0.6023147476555505,0.6157087189653921
t=47300,0.0,4.918338624430842,3.3375395173165394,0.6023615230076784,0.6161385443655096
t=47400,0.0,4.926280945192306,3.3432903795271223,0.6030117070503862,0.616796796598599
t=47500,0.0,4.950249597152027,3.3622896598362675,0.6045720476570721,0.6176184764340089
t=47600,0.0,5.00050891407079,3.4093560451525824,0.6059372089885527,0.6161711279727601
t=47700,0.0,4.989508023145174,3.4052874270230618,0.6049251162947997,0.6070711717922386
t=47800,0.0,4.97997025998468,3.402018229971598,0.6040684872007556,0.5979992701084984
t=47900,0.0,4.97218779827871,3.399461946391963,0.6033768017948389,0.5890698542556065
t=48000,0.0,4.965565219721693,3.3973902262339557,0.6027990776168021,0.5801173596288619
t=48100,0.0,4.959873780193563,3.395703685946966,0.6023152213738004,0.5710453659186255
t=48200,0.0,4.954848270814942,3.3942658743503156,0.6018944706786048,0.5620943267754587
t=48300,0.0,4.9504688704167705,3.39304509957507,0.6015321132001334,0.5531656792728218
t=48400,0.0,4.9470170112718375,3.3921079293321115,0.6012503016195548,0.5442483107595574
t=48500,0.0,4.944226523161963,3.3913667888224936,0.6010252214170221,0.5354720118306671
t=48600,0.0,4.94219092671642,3.3908404006707045,0.6008636101450368,0.526515035429663
t=48700,0.0,4.94053702652982,3.3904322522304327,0.6007361523264615,0.5174726803819969
t=48800,0.0,4.939780765454626,3.390257354701632,0.600680266841214,0.5085159829000085
t=48900,0.0,4.939477223411686,3.3902052831637337,0.6006616148707248,0.4996638359717378
t=49000,0.0,4.939857133969743,3.3903287878246813,0.6006971386158508,0.4909870139422148
t=49100,0.0,4.9407355981968,3.390580294547598,0.6007721278753295,0.4824193092974163
t=49200,0.0,4.941996521269149,3.3909278685138053,0.6008768757968124,0.47358483042385857
t=49300,0.0,4.943916227143813,3.3914419262400424,0.6010330142000351,0.4648916262905175
t=49400,0.0,4.946402805057432,3.392100042530416,0.6012333349798836,0.45617369665113344
t=49500,0.0,4.949348370917798,3.392874341296041,0.6014690878625715,0.447440696091898
t=49600,0.0,4.9533090054939795,3.3939217502967853,0.6017866151921331,0.4388991558835673
t=49700,0.0,4.9570798773481926,3.3950916105255446,0.6020836724573715,0.43032297696015226
t=49800,0.0,4.983095673861122,3.4117310930509555,0.6040140807217694,0.4231608621083218
t=49900,0.0,5.000799769499553,3.422278888480613,0.6053293807212875,0.41577329498963167
t=50000,0.0,5.021242428672921,3.4348647705370667,0.6067946073841971,0.40865602314573535
t=50100,0.0,5.037645704002615,3.444571480799717,0.6079419105662515,0.40157438898196385
t=50200,0.0,5.043447438982528,3.446069893174673,0.6083895764503057,0.39422891062659504
t=50300,0.0,5.050130684487482,3.447819772278222,0.6089085936348017,0.38702708021086174
t=50400,0.0,5.055614375361226,3.4493208027364517,0.6093458929051275,0.3833605833627215
t=50500,0.0,5.058949219057812,3.4503726033800297,0.6096384131608954,0.3840863924983486
t=50600,0.0,5.062036723096869,3.4513454411690354,0.6099086359626007,0.38481470735542067
t=50700,0.0,5.06498503831078,3.4522739934214135,0.6101662045387136,0.38545889495838875
t=50800,0.0,5.069134815096627,3.453864258346181,0.6105136004503797,0.3861632445928342
t=50900,0.0,5.074217134808396,3.4557500901022804,0.6109413459731876,0.3870368567353875
t=51000,0.0,5.080065166903935,3.4581804040626114,0.6114215400208841,0.3880553503985544
t=51100,0.0,5.083835272603571,3.459371430336664,0.611748658749131,0.38865956846126903
t=51200,0.0,5.0881492167984215,3.4607365403676003,0.6121225269794365,0.3893479481105534
t=51300,0.0,5.091829812667617,3.4619034934276316,0.6124411873186728,0.3899425459840766
t=51400,0.0,5.096393642528862,3.4633537841626936,0.6128359689733459,0.3906046949197463
t=51500,0.0,5.1012242645676205,3.4648933056816333,0.6132534746643425,0.3912987269383915
t=51600,0.0,5.10522469162868,3.4661777980706905,0.6135998011671862,0.3920079808235742
t=51700,0.0,5.1099257102345765,3.467685667110415,0.6140056702274539,0.39268512678685247
t=51800,0.0,5.11333925767325,3.4687840042256637,0.6143002597830104,0.39318029887249883
t=51900,0.0,5.12008157215258,3.470799129061432,0.6148513747902584,0.38775911672011387
t=52000,0.0,5.127118166531149,3.47282327482779,0.6154117968204337,0.38191260507497227
t=52100,0.0,5.131985122270621,3.474068647637349,0.6157721191246165,0.3757582692207062
t=52200,0.0,5.1367821748301825,3.475259947459583,0.6161195758135746,0.37040779236121185
t=52300,0.0,5.142554612869997,3.4767022349687666,0.6165400815607095,0.3659507741971827
t=52400,0.0,5.148783873626602,3.4782460106778315,0.6169913880364042,0.3629795148437995
t=52500,0.0,5.15457428148784,3.4796270779582024,0.6173993255295087,0.3606344354892958
t=52600,0.0,5.160777565772565,3.481074901960289,0.6178318462383813,0.35854846999669493
t=52700,0.0,5.167244046886954,3.482542112301523,0.6182764363114716,0.3567322182243506
t=52800,0.0,5.17437737937607,3.48419647219575,0.6187724939480121,0.3552043745870005
t=52900,0.0,5.181961030460785,3.4859620244404104,0.619300713206908,0.3542705069989773
t=53000,0.0,5.190203858404994,3.4879251680276315,0.6198813136696241,0.35381679981961267
t=53100,0.0,5.198288879995381,3.4898297761396293,0.6204440474797996,0.3536299357598102
t=53200,0.0,5.207544373122587,3.4921108849189038,0.6211048106316833,0.35360890144556417
t=53300,0.0,5.2170009478229185,3.494460360104278,0.6217795966529442,0.3537798721551735
t=53400,0.0,5.227501159388612,3.497176315487809,0.6225439549011401,0.3541192640984138
t=53500,0.0,5.238255719409804,3.499996798350485,0.6233278954617493,0.3546886979848083
t=53600,0.0,5.249421216013995,3.5029827136096783,0.6241453742156465,0.35538610190977366
t=53700,0.0,5.261687753594171,3.506410575058561,0.625060180493833,0.3561617807909513
t=53800,0.0,5.274916018542938,3.5102607320895336,0.6260604275859647,0.3570050476481294
t=53900,0.0,5.288905424737303,3.514484330202054,0.6271274544171729,0.3581529087522059
t=54000,0.0,5.305979525528587,3.5201392299560537,0.6284789809597393,0.35932596462646793
t=54100,0.0,5.321272342736029,3.5258439117772413,0.6295679064515765,0.361454849218234
t=54200,0.0,5.36177461424026,3.5514988594595702,0.6320394627996998,0.36535737495909204
t=54300,0.0,5.3948577035718595,3.571554417523781,0.6339926740738383,0.3691152739301038
t=54400,0.0,5.4344848399683245,3.5973992825260446,0.6361454734548282,0.37312825111720765
t=54500,0.0,5.469156204930174,3.6195062468688213,0.6379455148950905,0.3771053392937596
t=54600,0.0,5.482448105393826,3.6230210937427816,0.6388779378395733,0.38113696059079494
t=54700,0.0,5.4970630946691,3.6270637998306894,0.6399262615484,0.38533433009378104
t=54800,0.0,5.512667011694534,3.631520662455705,0.6410602244191485,0.3898055783549273
t=54900,0.0,5.529456092069511,3.636494280180659,0.6422982050419642,0.39448082751312524
t=55000,0.0,5.54635103122634,3.6415443065560504,0.6435399719102541,0.3993749635962825
t=55100,0.0,5.563313312320578,3.6466530461308366,0.6447814295393426,0.4043635807855838
t=55200,0.0,5.582245851529153,3.6532324615511653,0.646125955995384,0.40959762037862596
t=55300,0.0,5.60170330791479,3.660094003687284,0.6475101805594488,0.4151234844451304
t=55400,0.0,5.623892146447209,3.668839292484647,0.6490613507520223,0.4207178771132981
t=55500,0.0,5.644441179818599,3.675790713404763,0.6506020896430019,0.4265278332979393
t=55600,0.0,5.618130965728598,3.6377068562899533,0.6516574660355424,0.4324050130633421
t=55700,0.0,5.483253071546779,3.503264482720778,0.6499491639765785,0.4379211951486705
t=55800,0.0,5.452510712371543,3.472556978715591,0.6488572938107978,0.4436718609721598
t=55900,0.0,5.432667265371492,3.4576360658892047,0.6475085739543146,0.44917420484739634
t=56000,0.0,5.414032085597517,3.439022268283643,0.6471323092081497,0.4549000179669297
t=56100,0.0,5.413465736865562,3.430879279566672,0.6476113968257067,0.4613881108517143
t=56200,0.0,5.438700505586277,3.4414017541545485,0.6494871538078323,0.46807908928016084
t=56300,0.0,5.46764816738049,3.454369959217896,0.651642981628371,0.47483844533131697
t=56400,0.0,5.48648751961534,3.4625994064143493,0.6529942255899175,0.4808577044556984
t=56500,0.0,5.486807088657352,3.462624161455878,0.6530029686902583,0.48491733636591233
t=56600,0.0,5.487255602216908,3.462658871409018,0.6530152282658389,0.48882888854436424
t=56700,0.0,5.487832755216547,3.4627035008908127,0.6530309917237285,0.49292324287118106
t=56800,0.0,5.48853828538043,3.462758023041151,0.6530502492031687,0.49702907869728963
t=56900,0.0,5.48937197272164,3.4628224194104638,0.6530729935392132,0.5012301371010904
t=57000,0.0,5.490333639113423,3.4628966798718315,0.653099220233573,0.5055866200933137
t=57100,0.0,5.491423147942264,3.4629808025568973,0.6531289274324857,0.5101591872680491
t=57200,0.0,5.492640403841157,3.463074793815112,0.6531621159114614,0.5144877401864116
t=57300,0.0,5.493985352501788,3.463178668195988,0.6531987890667998,0.5189993711390236
t=57400,0.0,5.495457980564712,3.463292448454157,0.6532389529138093,0.5230048430684461
t=57500,0.0,5.497058315586995,3.463416165577188,0.653282616091694,0.5272058792077721
t=57600,0.0,5.498786426087143,3.463549858836229,0.6533297898751111,0.531371537774121
t=57700,0.0,5.500642421667503,3.4636935758596774,0.6533804881924404,0.5355844510105098
t=57800,0.0,5.502626453214669,3.4638473727302395,0.6534347276508357,0.5398070562954894
t=57900,0.0,5.504738713178825,3.4640113141058277,0.6534925275681748,0.5440021682129895
t=58000,0.0,5.506979435933286,3.464185473364946,0.6535539100120538,0.5483691936922093
t=58100,0.0,5.509348898215926,3.464369932777312,0.6536188998460152,0.5528937009005287
t=58200,0.0,5.51184741965454,3.4645647837006517,0.6536875247832379,0.5573392844820001
t=58300,0.0,5.514475363378657,3.4647701268047464,0.6537598154479607,0.5618892686385235
t=58400,0.0,5.517233136720696,3.4649860723240016,0.6538358054449541,0.5666152912218135
t=58500,0.0,5.520121192009866,3.4652127403399775,0.6539155314374068,0.571387857270374
t=58600,0.0,5.523140027462712,3.465450261095544,0.6539990332336397,0.5761744019565548
t=58700,0.0,5.526290188174692,3.465698775342525,0.6540863538831204,0.5809502257172662
t=58800,0.0,5.529572267217815,3.465958434724942,0.6541775397823077,0.5856962897160245
t=58900,0.0,5.532986906849902,3.4662294022002293,0.6542726407909217,0.5902968397540134
t=59000,0.0,5.527884940985967,3.4635038992358442,0.6537882872484791,0.5921248890843906
t=59100,0.0,5.510531117557202,3.456708504207872,0.6525163618207453,0.5896805599926985
t=59200,0.0,5.495684401997363,3.4513365780649314,0.6514481583471112,0.5872631450049304
t=59300,0.0,5.479848883223717,3.4455412163474044,0.6502741920691926,0.5850057257281499
t=59400,0.0,5.465065714794021,3.4403085415074375,0.6491832474494738,0.5827676090089451
t=59500,0.0,5.451034631357721,3.4354486094151273,0.6481505192399516,0.580504261993197
t=59600,0.0,5.438198934670756,3.4312564868160176,0.6472131296073074,0.5782665738812675
t=59700,0.0,5.426315221016474,3.427748145399792,0.6463465514395424,0.5761480711496052
t=59800,0.0,5.415062691685113,3.4244545175857786,0.6455332300588114,0.5740320522943888
t=59900,0.0,5.403995375980876,3.4213771823152657,0.6447287073420226,0.5719217974535812
t=60000,0.0,5.393493677963631,3.4185296514563595,0.6439713467653279,0.5698274493216516
t=60100,0.0,5.383806072369376,3.4159900450912257,0.6432827924738252,0.5677394827367691
t=60200,0.0,5.37417457611039,3.4134735662838365,0.6425956812386935,0.5657368669518211
t=60300,0.0,5.365027023310027,3.4111312675474212,0.6419478249565244,0.5637137472956746
t=60400,0.0,5.35591687546637,3.408806717551394,0.6413005941655862,0.561754488122957
t=60500,0.0,5.347403854032837,3.4066857342807886,0.6407021462085972,0.5597749322677267
t=60600,0.0,5.339549386691779,3.404777611605537,0.6401567721667538,0.5577520269313513
t=60700,0.0,5.331796746360894,3.4028997360802817,0.6396173455607975,0.5558078912742738
t=60800,0.0,5.324465881229951,3.401150826205425,0.6391105219677439,0.5539364315097179
t=60900,0.0,5.317496218054262,3.3995082617985166,0.638630960063269,0.5520652879007055
t=61000,0.0,5.3107153999086405,3.397919108083557,0.6381646034471391,0.5502731149966118
t=61100,0.0,5.281312674452526,3.377371488016954,0.6366204134476185,0.5473366686665642
t=61200,0.0,5.231199549656225,3.341871081180016,0.6337020198241914,0.5434640365649149
t=61300,0.0,5.191766913732713,3.3156300880043252,0.6311554430187337,0.5397262388653147
t=61400,0.0,5.154927220194771,3.2919377197195185,0.6286320385616043,0.5358984628076109
t=61500,0.0,5.132253263226489,3.279580086071846,0.6268570685046598,0.5323792420404916
t=61600,0.0,5.116577142621864,3.2725664307359503,0.6254966843413492,0.5289471092508929
t=61700,0.0,5.099481516020059,3.2649932563424957,0.6239909565481784,0.5254482749340678
t=61800,0.0,5.08218550530472,3.2574826453895,0.6224527827001225,0.5219129222964679
t=61900,0.0,5.06565731222808,3.250475175276361,0.6209740805936178,0.5184036006375558
t=62000,0.0,5.050006426557727,3.243989792435424,0.6195675812769278,0.5148260252948441
t=62100,0.0,5.036545381082438,3.238549865824914,0.618357173876851,0.5113666926738937
t=62200,0.0,5.023299326362946,3.233048136898897,0.6171807981143347,0.5078799194748563
t=62300,0.0,5.010481594746249,3.227782746909504,0.6160386134444511,0.5043224611177581
t=62400,0.0,4.996855485185255,3.2220233766126087,0.6148363442338994,0.5008027078424808
t=62500,0.0,4.985083437413808,3.2175248092979443,0.6137633557011042,0.4972074277570737
t=62600,0.0,4.973896110480859,3.213304491330603,0.6127415487869133,0.49371156219823664
t=62700,0.0,4.964222916009303,3.2096944985124356,0.6118561541305885,0.4902524105648799
t=62800,0.0,4.954685799332401,3.206165626199434,0.610980995936116,0.4867669808816988
t=62900,0.0,4.94575751662403,3.202886787119861,0.6101595253998318,0.48323767221007874
t=63000,0.0,4.938701661261951,3.2002907034965453,0.6095055237164078,0.4798432736397226
t=63100,0.0,4.932251249355719,3.1979124090247963,0.6089037355095777,0.47732633028615634
t=63200,0.0,4.92690567567883,3.1959150599128217,0.608398541519292,0.4757140719248373
t=63300,0.0,4.920529248325613,3.193574988231144,0.6078001036844324,0.4744957043593111
t=63400,0.0,4.918477719460596,3.192682544941307,0.6075839859606801,0.4740884578471842
t=63500,0.0,4.918147273573331,3.19231348147253,0.6075126880204983,0.4742531337121292
t=63600,0.0,4.918347738237357,3.1920858641703584,0.6074828437532201,0.4749948440389166
t=63700,0.0,4.918892218650502,3.1919407336825625,0.6074784984229991,0.47589197214571444
t=63800,0.0,4.920196253678364,3.192011354014228,0.6075358513575502,0.4769450795167655
t=63900,0.0,4.923298059001223,3.1926193812413404,0.6077433063886546,0.4781976050783225
t=64000,0.0,4.926572420645998,3.1932811651459234,0.607965438695401,0.47975689244634356
t=64100,0.0,4.928440246581272,3.1934726006877083,0.6080632933500187,0.48101349811812627
t=64200,0.0,4.9311583720129875,3.1939223849635594,0.6082330870210465,0.48244296449529706
t=64300,0.0,4.934345624295442,3.194520216424137,0.6084436534778855,0.4839823700744547
t=64400,0.0,4.938141914958946,3.1953164076624647,0.6087078671326659,0.48558974060912014
t=64500,0.0,4.942694395703098,3.1963642930607583,0.6090391707496863,0.4872925232599205
t=64600,0.0,4.948017627213264,3.197687334044564,0.6094412872126799,0.48912097641624447
t=64700,0.0,4.955185455165393,3.1995963590850764,0.6100007157326778,0.4910364261689402
t=64800,0.0,4.961958834608581,3.2014795590930363,0.6105396230728853,0.492828400338395
t=64900,0.0,4.792472988457028,3.032831670257038,0.6098524639098397,0.4938923960379524
t=65000,0.0,4.732106407674906,2.973538084328774,0.6092718016945042,0.49475492027840917
t=65100,0.0,4.7389821071128075,2.976023182870437,0.6098983713552476,0.4962431078205915
t=65200,0.0,4.748675864597251,2.979566151200302,0.6107760202480925,0.4980708228934394
t=65300,0.0,4.759035776039266,2.98360971329019,0.6117272727545342,0.49983583187974717
t=65400,0.0,4.774071824105363,2.9895041296577927,0.6130846974924508,0.5019316966741593
t=65500,0.0,4.793965363980815,2.9974584259862094,0.6148406128317186,0.5041825769392009
t=65600,0.0,4.817202724679824,3.007733764491786,0.6168918102328415,0.5064142158578392
t=65700,0.0,4.843583220102599,3.0215807952296263,0.6191999908613495,0.5084106114970495
t=65800,0.0,4.875799849823741,3.0396262286830478,0.621778803637798,0.5102497767375874
t=65900,0.0,4.908760451044501,3.0616525728808934,0.6238181561967591,0.5117690048298411
t=66000,0.0,4.964797394167936,3.1019640463856,0.6271438954184698,0.5130983629000442
t=66100,0.0,5.0793548114622125,3.2060088108394,0.6298167408427447,0.5138509673311945
t=66200,0.0,5.137000650153813,3.250366342526868,0.6326506426002344,0.5146308612646762
t=66300,0.0,5.289659698529957,3.383424817103578,0.637569441350252,0.5157092493338786
t=66400,0.0,5.314104538088587,3.400727096297338,0.6389070565849636,0.5167539923934584
t=66500,0.0,5.318733349430458,3.401704522917649,0.6392032015084221,0.5173241817554334
t=66600,0.0,5.33360569856494,3.4100040065028168,0.6400873609896254,0.5181854090095599
t=66700,0.0,5.364880763243585,3.4319853925238237,0.6418042847050497,0.5191732010266837
t=66800,0.0,5.402108709315764,3.4622298529302413,0.6434257607322271,0.5202717389296669
t=66900,0.0,5.496132376513605,3.5445114887746096,0.6459093430894307,0.5214939859670059
t=67000,0.0,5.581393398258542,3.617657216155087,0.648488777257081,0.5229287284761792
t=67100,0.0,5.78396967678892,3.8100523656182643,0.6508900816912475,0.5237428780467077
t=67200,0.0,5.7796569822968005,3.809629175731646,0.6507482152032901,0.5214323120163471
t=67300,0.0,5.7756721922216,3.8092559876846988,0.6506219962123706,0.5192728340355138
t=67400,0.0,5.770374630413612,3.8085762907178244,0.6504072424220994,0.5169680004943562
t=67500,0.0,5.7623378995181325,3.8072627216231187,0.650010997244095,0.514503832400313
t=67600,0.0,5.756525970477472,3.806365768218786,0.6497434651916886,0.5121903469164828
t=67700,0.0,5.725120516963771,3.7801647496137862,0.6493647841582016,0.5098517442009208
t=67800,0.0,5.14171967116036,3.2269743476983423,0.642201442766104,0.5056977483473287
t=67900,0.0,5.053164105348014,3.154665161050385,0.6396015632142704,0.5022896840358926
t=68000,0.0,4.991868578238005,3.1106293920089456,0.6369093153371802,0.498575867821666
t=68100,0.0,4.955555445193975,3.088270545684919,0.6351237446978479,0.49505458210516956
t=68200,0.0,4.9451775850276745,3.086440972294905,0.634559480798302,0.49228890726608204
t=68300,0.0,4.935706312531639,3.084798173468301,0.6340511124056654,0.4896002773839052
t=68400,0.0,4.915209626137571,3.0744492235960386,0.632925092442894,0.4868354175536679
t=68500,0.0,4.889191095784704,3.0594737092629507,0.6315332352981057,0.48414551246562526
t=68600,0.0,4.877508661806482,3.054878504660174,0.6308912202697472,0.4816118734018188
t=68700,0.0,4.855107675743905,3.043023968747422,0.629626670053057,0.47882560573043503
t=68800,0.0,4.842901074355597,3.03913931895698,0.6289096307770692,0.47614144868446046
t=68900,0.0,4.836259142136753,3.0380658836252232,0.6285683178598138,0.4738223307402274
t=69000,0.0,4.831495162236214,3.0373788286121246,0.6283437954934288,0.4719129175965547
t=69100,0.0,4.823984995189235,3.036005029020134,0.6279227989573916,0.4700760151042795
t=69200,0.0,4.816740515248758,3.0346092957331794,0.6275023501151773,0.4680658049392158
t=69300,0.0,4.80703794838783,3.0316830689570744,0.6269361652479283,0.4661309778332159
t=69400,0.0,4.799935406545943,3.0300355806429535,0.6265362655902117,0.46423754429037595
t=69500,0.0,4.792348496428204,3.028637758971321,0.6261041974475686,0.462193141893618
t=69600,0.0,4.781502134365821,3.024879726206361,0.6254743388996707,0.4600199564177475
t=69700,0.0,4.774728883310893,3.023669307389669,0.6251165056974323,0.45791210956056694
t=69800,0.0,4.769436533988231,3.02285883590632,0.624849304663736,0.4560282801700431
t=69900,0.0,4.76153744815495,3.02085798816665,0.6243672507904361,0.4543209832840242
t=70000,0.0,4.7444872699161555,3.0125156532551642,0.6233052559926809,0.45281865002385774
t=70100,0.0,4.73732191232359,3.010535453165733,0.6228819600855243,0.4519605098843771
t=70200,0.0,4.7320816823765925,3.0095419416174045,0.6225743918159867,0.451338524802972
t=70300,0.0,4.673273352263954,2.962218291095995,0.6207746543747472,0.4499868159104428
t=70400,0.0,4.575579189837531,2.8784750472077376,0.6182203580435456,0.448237752257037
t=70500,0.0,4.5727410383642395,2.877962809341401,0.6180820024628589,0.44755525675352376
t=70600,0.0,4.571990596758861,2.87793817247469,0.6180752220541821,0.44716927846169846
t=70700,0.0,4.570092689821666,2.8776684600139495,0.6179809500597726,0.4467992039746892
t=70800,0.0,4.5711020333135695,2.8780234528277857,0.6180764975381924,0.4465902781757933
t=70900,0.0,4.57228450735787,2.878289072924255,0.6181561182416349,0.4465456693320537
t=71000,0.0,4.573699334956304,2.878575548808988,0.618244626759058,0.4466558123023867
t=71100,0.0,4.574327144074326,2.8787714178386596,0.6182986208477077,0.4464858723411623
t=71200,0.0,4.5774346279730365,2.8794726815839544,0.6185082516461975,0.4465691681623326
t=71300,0.0,4.581090946723233,2.8803147290469457,0.6187582398071582,0.4465903404195208
t=71400,0.0,4.584124781549231,2.8810570871907966,0.6189747158185099,0.44659482329087036
t=71500,0.0,4.584024479100283,2.881184174390939,0.6189998291766012,0.446321612950967
t=71600,0.0,4.584947975590231,2.8813905076080757,0.6190614764941998,0.4463335425147489
t=71700,0.0,4.58586420494227,2.8816051282421045,0.6191247269708715,0.44628768205257996
t=71800,0.0,4.58733299518465,2.8819516440252144,0.6192266012496572,0.44625443486717603
t=71900,0.0,4.587453305856959,2.882032600689176,0.619248232761302,0.446370189324131
t=72000,0.0,4.587098635445929,2.881997391737257,0.6192355756170687,0.4465374820392915
t=72100,0.0,4.586156556889613,2.881862108672406,0.619189577598491,0.446832204024422
t=72200,0.0,4.582439490007021,2.8811660945723903,0.618970758005065,0.4470423494647988
t=72300,0.0,4.580763969424383,2.8807720216852757,0.6188541029013647,0.44784197169133666
t=72400,0.0,4.578927682855147,2.8803183105199417,0.6187208317815173,0.448795857236461
t=72500,0.0,4.57513843992143,2.879429048628455,0.6184567726487112,0.4498004714841238
t=72600,0.0,4.575396383752823,2.8794303416676463,0.6184587838996414,0.45109979090562513
t=72700,0.0,4.575758503793033,2.8794283434526466,0.6184612069689533,0.4526032839835962
t=72800,0.0,4.575483771416054,2.8793331439171133,0.6184312178880986,0.4542153689078826
t=72900,0.0,4.572773958824311,2.8788015796078206,0.6182620763259894,0.4558191847093949
t=73000,0.0,4.571174819916222,2.8782954036347905,0.6181174888700515,0.4578819658816251
t=73100,0.0,4.562890993137896,2.8722506720922234,0.6176718081780133,0.45979178072159893
t=73200,0.0,4.313224335061359,2.64664011742632,0.6120797198994873,0.45847672664075584
t=73300,0.0,4.205497098134169,2.5534750253097007,0.6090686109041823,0.4585362919197716
t=73400,0.0,4.102535186077479,2.467199979012998,0.6055643392624321,0.4584265813642617
t=73500,0.0,4.070354171553359,2.445463069787516,0.6037113919902861,0.4593970338083457
t=73600,0.0,4.045344287301801,2.4292767449186923,0.6022138672583752,0.46061031165037836
t=73700,0.0,4.026752089051225,2.418083312596903,0.6010126840846708,0.4628062050191244
t=73800,0.0,4.010212226275414,2.4087212051075695,0.5998542289245433,0.4651362251990939
t=73900,0.0,4.001158719491228,2.4044430393142155,0.599215183833692,0.46791705653105803
t=74000,0.0,3.997950072403997,2.4037061226510588,0.59898254312274,0.471278682762405
t=74100,0.0,3.9945421705774904,2.40298623182805,0.5987505557504671,0.47475608665093527
t=74200,0.0,3.991643991283414,2.4022979791431327,0.5985342187203527,0.4784821782381861
t=74300,0.0,3.9896850719843644,2.401766680385,0.5983700756836375,0.4824344103227097
t=74400,0.0,3.987726047274476,2.4012482561988358,0.598208975058979,0.48652760189539257
t=74500,0.0,3.9860302789898836,2.400797646418161,0.5980682939320849,0.49087096888546133
t=74600,0.0,3.9847683850867504,2.4003961993396667,0.597946220843774,0.4954353344407291
t=74700,0.0,3.983533835872026,2.4000226123524713,0.5978314484644146,0.5002193549162703
t=74800,0.0,3.9826077719351867,2.399672153583163,0.5977271078325014,0.505291324136474
t=74900,0.0,3.9819009704563677,2.3993747098855125,0.5976391719314138,0.5106932223818146
t=75000,0.0,3.9821700776309603,2.3992757635555426,0.5976144459700404,0.5164079545689999
t=75100,0.0,3.982140753120337,2.3990942260454404,0.5975654498064389,0.5225069218041618
t=75200,0.0,3.9833198038802844,2.399181633671806,0.5976004858023758,0.529370447041168
t=75300,0.0,3.98400294018768,2.399132368381876,0.5975951591490709,0.5370411320620159
t=75400,0.0,3.985983526487023,2.399288815806753,0.5976594982487187,0.5455958636167747
t=75500,0.0,3.9878114079027362,2.3994791074782023,0.597730654323558,0.5544853087677883
t=75600,0.0,3.9908194317864134,2.400292777756634,0.5979207878030677,0.5632266879006657
t=75700,0.0,4.031108668362688,2.431330391229942,0.5996647879381921,0.5717536750801913
t=75800,0.0,4.052667738454134,2.442472329275205,0.6014228398823254,0.5802339949523386
t=75900,0.0,4.093769535444637,2.465916137723392,0.6047583061031533,0.5878851839728181
t=76000,0.0,4.190907533156516,2.5439200776306023,0.6091234006559536,0.5955962296465283
t=76100,0.0,4.219699016771367,2.564401968301721,0.6107466280435143,0.6050128217990556
t=76200,0.0,4.222464470671274,2.564759232449866,0.6108725978500175,0.6143579151721681
t=76300,0.0,4.225663366092783,2.5651822668839266,0.6110211088679941,0.6237650421156097
t=76400,0.0,4.229000978150618,2.5656406026415,0.6111809478318405,0.6329871366233827
t=76500,0.0,4.232738311398673,2.5661648428416926,0.6113629779559923,0.6421529210474376
t=76600,0.0,4.236445298866624,2.566711434536065,0.6115511265518211,0.6513858445440511
t=76700,0.0,4.240482614305079,2.5673222515888217,0.6117602580623044,0.6604368981284506
t=76800,0.0,4.244721771923755,2.567987176809047,0.6119863081274134,0.6694465232364119
t=76900,0.0,4.249463018388851,2.568741590163557,0.6122416796081673,0.6784256309771941
t=77000,0.0,4.2547174890873585,2.5695908021762888,0.612527752696102,0.6874003781076344
t=77100,0.0,4.259908371107003,2.5704810283474377,0.6128242365015512,0.6961571153075545
t=77200,0.0,4.265568467287404,2.571473668986766,0.6131526399686292,0.7052595311317383
t=77300,0.0,4.271632111393254,2.57256960729885,0.6135122270531952,0.7141516195599311
t=77400,0.0,4.278086182352118,2.5737767968880485,0.6139045672502177,0.7230376961604293
t=77500,0.0,4.284925029837878,2.5751060255940508,0.6143319081815388,0.7317603679070923
t=77600,0.0,4.290409483933908,2.5759022580107978,0.6146590706221903,0.7403334732358833
t=77700,0.0,4.297602807658216,2.577234287893535,0.6151133832344912,0.7489823780984877
t=77800,0.0,4.306454707828845,2.5791107571271237,0.6156962314625732,0.757755538736707
t=77900,0.0,4.315341700225262,2.580992464143949,0.6162921845946903,0.7664937439557539
t=78000,0.0,4.325475481659436,2.5833591695990394,0.6170007023208636,0.7751005314016256
t=78100,0.0,4.336636855971516,2.586074577610047,0.6177966653820598,0.7836680047217567
t=78200,0.0,4.348770905249728,2.589200683561739,0.6186884590842985,0.7923232526687211
t=78300,0.0,4.360263989299511,2.5921142897190177,0.6195459504558227,0.8008482333673167
t=78400,0.0,4.372917221043123,2.5957104326273823,0.6205394167501679,0.8091988033335965
t=78500,0.0,4.388429736437343,2.6006097452330046,0.6217889519989042,0.8176248791362254
t=78600,0.0,4.407739289915931,2.6073696817101393,0.6233744643648033,0.8261363985397018
t=78700,0.0,4.430566945744867,2.6164460791255313,0.625293881166882,0.8344871699833455
t=78800,0.0,4.458111626925092,2.6294278073960164,0.627606552114603,0.8427628000826813
t=78900,0.0,4.501253269164153,2.655084980597172,0.6308457016704391,0.8508566502311882
t=79000,0.0,4.579707460378112,2.7183815277616357,0.6342691222382957,0.8554392747532392
t=79100,0.0,4.579311238170054,2.718385635921864,0.6342931214079186,0.8545490686071483
t=79200,0.0,4.577883602632833,2.7181446401873965,0.6342515217657847,0.853513425070721
t=79300,0.0,4.578037434974864,2.7183977878862025,0.6343166916638828,0.852615204294484
t=79400,0.0,4.577984747122427,2.7186049001255777,0.6343683025392554,0.8518191488045554
t=79500,0.0,4.577857864862837,2.718792120476189,0.6344141869151503,0.8511422801469251
t=79600,0.0,4.5773377017264565,2.718885220415187,0.6344327128171647,0.8503347054371669
t=79700,0.0,4.576302222790544,2.7188263660336753,0.6344082275439502,0.8496163645162979
t=79800,0.0,4.57533331259016,2.7187889141746138,0.6343897499054284,0.8489789164344121
t=79900,0.0,4.574323579090744,2.718701643740275,0.6343583717305252,0.8483099044904929
t=80000,0.0,4.573337539760582,2.7186164884169406,0.6343277483653021,0.8476390931897949
t=80100,0.0,4.572282542055938,2.7185254497861173,0.6342950031054208,0.846950824604746
t=80200,0.0,4.571391243624394,2.7184485939227208,0.6342673542729805,0.8463411157675841
t=80300,0.0,4.570521310056885,2.718373629244056,0.6342403815052174,0.8457315439698784
t=80400,0.0,4.569823460978095,2.7183135277253596,0.6342187535651819,0.8451666687508501
t=80500,0.0,4.569097729664541,2.718251056388156,0.6341962699948103,0.8445772494973829
t=80600,0.0,4.568305786607082,2.7181829212883364,0.6341717447587846,0.8439497901301487
t=80700,0.0,4.567654569495974,2.7181269208569634,0.6341515848713057,0.8433981595309517
t=80800,0.0,4.56701768115759,2.7180721757661823,0.6341318747184245,0.8429130677669777
t=80900,0.0,4.5664143519544735,2.718020335881024,0.6341132085719043,0.8424422343340563
t=81000,0.0,4.565918691677132,2.71797776180416,0.6340978773740961,0.8420862514526771
t=81100,0.0,4.57777489289963,2.7256717081316304,0.6348967307178025,0.841622033795532
t=81200,0.0,4.602665606863025,2.7400737378516116,0.636551115077739,0.8412471103962993
t=81300,0.0,4.626579256170397,2.7541779265537834,0.6380924232274767,0.8407908323799674
t=81400,0.0,4.654609185299817,2.771500341825831,0.6398107170851879,0.8404695372277845
t=81500,0.0,4.669587351704619,2.77925260662393,0.6407385433455484,0.8398767035718908
t=81600,0.0,4.6766570557486205,2.7809675638067968,0.6412257539700521,0.8392297376851308
t=81700,0.0,4.685560156613745,2.783096480711667,0.6418292439751528,0.838679138866874
t=81800,0.0,4.695673586892993,2.78551661120772,0.6425118327184726,0.8382106805048777
t=81900,0.0,4.706341740578906,2.7880912930173074,0.6432331758176958,0.8377356234042689
t=82000,0.0,4.717443089787081,2.7907987533949665,0.6439861535708227,0.8373617757986486
t=82100,0.0,4.727669079510781,2.7933365470570943,0.6446860279930868,0.836905293142752
t=82200,0.0,4.73891380498877,2.7965777415088917,0.6454462846608443,0.8365085455244251
t=82300,0.0,4.750740491803072,2.799994388733109,0.6462476572208891,0.8362155459706994
t=82400,0.0,4.764708073544865,2.8044116211143284,0.647183841071754,0.8359198396053727
t=82500,0.0,4.777514778095481,2.8077310897557894,0.6480692507291154,0.8357001544183204
t=82600,0.0,4.790853121679748,2.8112417632469335,0.6489958021505583,0.8354984950341448
t=82700,0.0,4.80342266384309,2.8146115354581496,0.6498751880066875,0.835253495332753
t=82800,0.0,4.817030834567219,2.818313751760735,0.6508306263925265,0.8350428669146082
t=82900,0.0,4.8310480983231745,2.8221947909944913,0.6518198502467916,0.8348771488140995
t=83000,0.0,4.843359447672144,2.8256716768358405,0.652694884188075,0.8346713237466731
t=83100,0.0,4.855841140863257,2.829251809737073,0.6535853083422876,0.8345050373857773
t=83200,0.0,4.8675706064001005,2.832670650087778,0.6544254585476817,0.8343163561576159
t=83300,0.0,4.882476704336344,2.837083214819313,0.6554955180809343,0.8342019207901293
t=83400,0.0,4.889909169320257,2.8393197485954795,0.6560314352606688,0.8337797222310865
t=83500,0.0,4.895385837740582,2.840967584134662,0.6564241358938506,0.8331378412922512
t=83600,0.0,4.9008148761701325,2.8425937836384643,0.6568101806816433,0.8325215565617636
t=83700,0.0,4.906587311337206,2.8443189213146822,0.6572179352663667,0.8320404313591934
t=83800,0.0,4.911914719028769,2.8458973673922867,0.657589838322645,0.8315196306687749
t=83900,0.0,4.914793905916609,2.8466886584771225,0.6577782161507617,0.830880861625914
t=84000,0.0,4.917549006350031,2.847428038482769,0.6579546811068439,0.8303020231607936
t=84100,0.0,4.925070011259871,2.8496663345564017,0.6584766113409835,0.8299488245003999
t=84200,0.0,4.932160924931111,2.851767327949698,0.6589639151690807,0.8295493687797778
t=84300,0.0,4.939627456764901,2.853991541874674,0.6594761393410851,0.8291571660506567
t=84400,0.0,4.947271517911771,2.8562764449694686,0.6599986370570832,0.8287902414382987
t=84500,0.0,4.95488608869448,2.8585531578639665,0.6605158514847295,0.8284284780861597
t=84600,0.0,4.962228970146276,2.8607439353947153,0.6610105774044028,0.8280334147914915
t=84700,0.0,4.96783839162003,2.8623233547662923,0.6613695045016622,0.8276431600748534
t=84800,0.0,4.97618213784995,2.8648464041078636,0.6619314219051525,0.8274621359545458
t=84900,0.0,5.016987086538275,2.896431390908767,0.6633522497801324,0.8279161085329043
t=85000,0.0,5.068327225931626,2.936218219179747,0.6652037801596857,0.8297815967716918
t=85100,0.0,5.070087191467231,2.9367768592005326,0.6653208811295243,0.8297216901363288
t=85200,0.0,4.988953113550312,2.8691273156707724,0.662821279791151,0.8273589508262179
t=85300,0.0,4.987665155756744,2.8683317488059283,0.6626973218215575,0.8268485736853263
t=85400,0.0,4.986959381740861,2.8679261576308375,0.662619838753004,0.8264294262628284
t=85500,0.0,4.98473712072181,2.866958408217179,0.6624199347912673,0.8261877527449148
t=85600,0.0,4.9839143068214184,2.8664111896312408,0.6623124830265861,0.8259696867659988
t=85700,0.0,4.988886923057568,2.8682013563395174,0.6626942304575432,0.8262501342218644
t=85800,0.0,4.989544957430875,2.8684379691719477,0.6627445317034124,0.8262228805685646
t=85900,0.0,4.986864929427037,2.867491022217472,0.6625423542801725,0.8260498822429078
t=86000,0.0,4.982976373971371,2.866097271048745,0.6622444167963479,0.825805453254222
t=86100,0.0,4.9855084365109334,2.8671406135108692,0.6624624213005539,0.8261417080361493
t=86200,0.0,4.98943180778294,2.868552349469637,0.6627629390684858,0.8264566852725092
t=86300,0.0,4.9932526888697,2.8697250282012052,0.6630192292148781,0.8264686629146497
t=86400,0.0,4.992995287366269,2.8696420859859657,0.6630013074237538,0.8264138050555063
t=86500,0.0,4.991467362871261,2.8690849281241015,0.6628835576798998,0.826278986012718
t=86600,0.0,4.9888492715795625,2.8681370043957055,0.6626824735547775,0.8260940245006955
t=86700,0.0,4.98303126697692,2.8661016281552896,0.6622459300191968,0.8258068411699587
t=86800,0.0,4.9855084365109334,2.8671406135108692,0.6624624213005539,0.8261593458563506
t=86900,0.0,4.988570288804869,2.868237737473341,0.6626962620330841,0.8263446565334207
t=87000,0.0,4.99274430026301,2.8696222312843367,0.6629944175087539,0.8264954880574764
t=87100,0.0,4.995882527650523,2.870688994107228,0.6632222010757628,0.8265437156205339
t=87200,0.0,4.991818230213792,2.8692370197183332,0.6629148142327475,0.8263093187460924
t=87300,0.0,4.9871737632062985,2.8675763766624693,0.6625615201222226,0.8260578479557438
t=87400,0.0,4.982992260765732,2.866158317577193,0.6622553999976247,0.8259393996263971
t=87500,0.0,4.983450075527237,2.8664945244965643,0.6623208609938768,0.8260901235388243
t=87600,0.0,4.988157223908506,2.8681436006891077,0.6626741795546929,0.826325554452921
t=87700,0.0,4.997504437916531,2.873636052540485,0.6631125294007141,0.8263940820542963
t=87800,0.0,5.243298903187302,3.0961991090795475,0.6680733615229009,0.8303719910478222
t=87900,0.0,5.262779692739859,3.110461831931054,0.669161358274256,0.8314429056426877
t=88000,0.0,5.283812092446546,3.1251436786609648,0.6703638641682945,0.8326877186610754
t=88100,0.0,5.298322249880763,3.136367885281849,0.6711319792179405,0.8337385239176907
t=88200,0.0,5.296309964671979,3.1358574463898163,0.6710158777326258,0.8341395428948558
t=88300,0.0,5.294974314625076,3.1355187651788676,0.6709387585058294,0.8344361907247966
t=88400,0.0,5.3108437693021555,3.146687679675155,0.6717643900784164,0.835024504627754
t=88500,0.0,5.335052903601534,3.1650401502621954,0.6728848912197551,0.8356466156163779
t=88600,0.0,5.343816265624285,3.17147344953144,0.6732969737956583,0.8358711418101519
t=88700,0.0,5.372305593798022,3.1923752983054086,0.6745860135017813,0.8365014222476908
t=88800,0.0,5.381855390460576,3.198013331352588,0.6751334932382124,0.8369720478143118
t=88900,0.0,5.38414374715743,3.1987511506613777,0.6752903726201567,0.8369587795747769
t=89000,0.0,5.3849995896200165,3.1989426039396807,0.6753344585034802,0.8368836375205869
t=89100,0.0,5.3922324140207145,3.2014124832400204,0.675851111614274,0.8371472227666613
t=89200,0.0,5.402494332838685,3.2049142563532613,0.6765767676206728,0.837501881589399
t=89300,0.0,5.41581295824634,3.2118302256712092,0.6773664530213942,0.8377696425861387
t=89400,0.0,5.424080199304167,3.2154586865321284,0.6778903624537909,0.8378778137306809
t=89500,0.0,5.432130661207313,3.2183504266312837,0.6784673844156143,0.8382635797033109
t=89600,0.0,5.446002160155704,3.2273455183063766,0.6791643252806971,0.8387712365448476
t=89700,0.0,5.446336637710758,3.227482579250684,0.6791879736240712,0.8389108048260004
t=89800,0.0,5.44678805388725,3.2275937353058786,0.6792118598484106,0.8389687106917554
t=89900,0.0,5.454613224771366,3.230507457925771,0.679768971817734,0.8392739068861594
t=90000,0.0,5.492688559653494,3.2583655138638163,0.6813627013167394,0.8399351715995027
t=90100,0.0,5.457411908562388,3.2276277153169075,0.680265635883933,0.8394493168093873
t=90200,0.0,5.4091507891115445,3.1908643464985764,0.6781876835985767,0.8384594278014028
t=90300,0.0,5.426013603376314,3.2137048703255187,0.6774398260725427,0.8383206258699292
t=90400,0.0,5.453617752539305,3.2441833861271485,0.6772961429015859,0.8395636126850986
t=90500,0.0,5.432002763325956,3.2332262717416484,0.675935446988801,0.8391183608111459
t=90600,0.0,5.41704505801178,3.2280262853878616,0.6748544707563687,0.8385030062839656
t=90700,0.0,5.404669122809252,3.2237460108218143,0.6739564362292344,0.8379624459688894
t=90800,0.0,5.386104993477955,3.217383876178976,0.6725966025052592,0.8370053368182077
t=90900,0.0,5.369139848110518,3.2116207262666245,0.6713392545786159,0.8360827344736637
t=91000,0.0,5.35302818331859,3.206283662860858,0.6701498047701392,0.835114375987309
t=91100,0.0,5.342219951275004,3.2028252982434093,0.6693642983912872,0.8344526482374228
t=91200,0.0,5.327655257844884,3.1978199029135674,0.6683141316081715,0.8335040051694498
t=91300,0.0,5.311183522996344,3.1915990116138278,0.6671639645927293,0.832436342898087
t=91400,0.0,5.295895501742129,3.1869631978557833,0.6660619199944278,0.8314907756189183
t=91500,0.0,5.2830604545066775,3.183239440839926,0.6651600782459762,0.8308401201214616
t=91600,0.0,5.273100620039287,3.1802982734383636,0.6644434186842582,0.8301433246942749
t=91700,0.0,5.261933532837322,3.177046100708313,0.6636426676186672,0.8293635179471863
t=91800,0.0,5.250880838375431,3.1738779731278393,0.6628540692511287,0.8285871904599079
t=91900,0.0,5.2401572104317555,3.17083847801173,0.6620900862130752,0.8277292841619481
t=92000,0.0,5.2290987071064565,3.167750932496799,0.6613061591764524,0.826819227526328
t=92100,0.0,5.218654493160206,3.1649219720860633,0.6605792069766475,0.8259671372900205
t=92200,0.0,5.21072681264375,3.1628859398011913,0.660048527095595,0.8254570781761784
t=92300,0.0,5.202324380449545,3.1606209332593234,0.6594595764649668,0.824778051735991
t=92400,0.0,5.199616677492692,3.1598106341330925,0.659251240840653,0.8243888607772419
t=92500,0.0,5.201624921118801,3.1602827103542723,0.659377212032306,0.8244612173842871
t=92600,0.0,5.19987712921467,3.1597324696605127,0.659236618842308,0.8242108736603779
t=92700,0.0,5.198463979079492,3.159239320456018,0.6591120610078905,0.8239444390132614
t=92800,0.0,5.196905128141091,3.1587617587218744,0.6589892818970371,0.8237817840850215
t=92900,0.0,5.1958366940709935,3.158499448491441,0.6589195470862071,0.8237606906569814
t=93000,0.0,5.1987020700311115,3.1591114259949626,0.6590861093971241,0.8236834591302246
t=93100,0.0,5.229576577653022,3.1849351254127867,0.6598791859581398,0.8244139740400889
t=93200,0.0,5.812452042928031,3.7381717240016292,0.6678551915061646,0.8299455129340332
t=93300,0.0,5.9499064072312144,3.8622742229652043,0.6706238938185093,0.8331627518515743
t=93400,0.0,6.169778217108285,4.064501411473456,0.6744194621687737,0.8365458496843612
t=93500,0.0,6.22107106257158,4.105599000791084,0.6763656036477743,0.8383515343174498
t=93600,0.0,6.30899254811637,4.185187402180766,0.6781319041140434,0.8401496765208639
t=93700,0.0,6.349378857180428,4.218493704815487,0.6794709700395488,0.8409678441192273
t=93800,0.0,6.429527039496164,4.290495729747097,0.6810463229368651,0.8418551143877648
t=93900,0.0,6.441704326392512,4.298778325578897,0.6816762622442835,0.8423773917291459
t=94000,0.0,6.445029734279079,4.299600601815704,0.6818860659789742,0.8425869507103471
t=94100,0.0,6.4476136867204685,4.300262276710636,0.682053678427304,0.8427667830359014
t=94200,0.0,6.451023325654389,4.3011039391791455,0.6822677589937137,0.8428982666022131
t=94300,0.0,6.454348405276082,4.301864263194449,0.6824632961707497,0.8429280364315812
t=94400,0.0,6.457474571878099,4.302585976381733,0.6826483048340898,0.8429696518328063
t=94500,0.0,6.413099421606471,4.265468755101585,0.6812922101588972,0.8423988006351149
t=94600,0.0,6.381569682648892,4.2451756912249135,0.679594408482895,0.8415604101174121
t=94700,0.0,6.355309321310863,4.229449982631489,0.6780965053176672,0.8408861144909291
t=94800,0.0,6.33112720982586,4.21555690746509,0.6766535909172936,0.8401285245921094
t=94900,0.0,6.317243643196811,4.209415584352482,0.6758012187490282,0.8396553918520121
t=95000,0.0,6.307982358649273,4.207192040347529,0.6752220763217853,0.8392922677209821
t=95100,0.0,6.297989052842775,4.204791627325593,0.6745937353289179,0.8388940416447208
t=95200,0.0,6.285676799740523,4.201851636662519,0.6738189429448534,0.8384641627130617
t=95300,0.0,6.274628804919707,4.19925143220485,0.6731280449000427,0.8380641604802495
t=95400,0.0,6.263669285434797,4.196664858499825,0.6724372658768724,0.837518375499602
t=95500,0.0,6.252902334762312,4.194220648012301,0.6717771220427287,0.837247849222814
t=95600,0.0,6.241708346958839,4.191441764072446,0.671097620061983,0.836966687303176
t=95700,0.0,6.229374377093095,4.187878367664597,0.6703513886090279,0.8366653673538493
t=95800,0.0,6.218045593893388,4.185396406537859,0.6696675561398752,0.83648524536425
t=95900,0.0,6.207296247983521,4.183075326069089,0.6690236221078314,0.8362778465211227
t=96000,0.0,6.196833761228901,4.180848865407904,0.6684018596791216,0.8362259316706181
t=96100,0.0,6.186092517854917,4.178587362792762,0.6677666009904024,0.8362110540967574
t=96200,0.0,6.175810073365049,4.176446559209757,0.6671617534545995,0.8362553160018972
t=96300,0.0,6.165990409042901,4.174420784638277,0.6665864158646327,0.8362663614078875
t=96400,0.0,6.156972777047,4.172601461128034,0.6660661626360312,0.8364380944337563
t=96500,0.0,6.148636557996561,4.170940627345245,0.6655888542352076,0.836681760718974
t=96600,0.0,6.140748431743565,4.169410067648831,0.6651459755393297,0.8371463510318009
t=96700,0.0,6.132305252384052,4.167767647078254,0.6646696254628494,0.837697260197477
t=96800,0.0,6.013013561776633,4.066025357133953,0.6610792033193316,0.8333272435021903
t=96900,0.0,5.95960236523916,4.033733637498037,0.657479798365196,0.8247324072069611
t=97000,0.0,5.927062738087585,4.018668238768302,0.6549725651157196,0.8160366620839561
t=97100,0.0,5.901617619889455,4.008834758202034,0.6530073689008739,0.8074841155131344
t=97200,0.0,5.880251797896419,4.00159120042299,0.6513912412915784,0.7988329619062994
t=97300,0.0,5.861557281792373,3.9958923573463627,0.650019711279863,0.7902180346006772
t=97400,0.0,5.844793004181327,3.9912198791187548,0.6488305661369913,0.7818248551405026
t=97500,0.0,5.82950439601115,3.9872778001108413,0.6477829499484162,0.77343700414998
t=97600,0.0,5.818618937199525,3.9859264651723754,0.6470743247061123,0.7652823031910377
t=97700,0.0,5.807334629316754,3.984035466500157,0.6463543972395089,0.7570366303298673
t=97800,0.0,5.795365722832336,3.9814323346730527,0.6456022010654336,0.7486221896514069
t=97900,0.0,5.785262852184464,3.979833052380714,0.6449943686235712,0.7404090728411655
t=98000,0.0,5.77467284167804,3.9777380983235497,0.6443660499956326,0.7323049676432598
t=98100,0.0,5.764781082671586,3.975849847424442,0.6437916815105361,0.7241668048007966
t=98200,0.0,5.75542951165686,3.9741304956061274,0.6432618114450978,0.7160738290653403
t=98300,0.0,5.750736624959335,3.9752184868872122,0.643052241313706,0.7080787095045491
t=98400,0.0,5.746558007031215,3.9766113382262853,0.6428812154218493,0.7001425239765094
t=98500,0.0,5.741162182007694,3.9770047160730417,0.6426267067166224,0.6921927541179264
t=98600,0.0,5.73370402019456,3.9757869818886675,0.6422371852763684,0.6841168586550461
t=98700,0.0,5.7265239798349645,3.9746506857127546,0.6418707159531721,0.6762141655443078
t=98800,0.0,5.723674452382871,3.976326576973327,0.6417847871729816,0.668254181519064
t=98900,0.0,5.723767076705715,3.9798513367670214,0.6418702023921639,0.6603392615976704
t=99000,0.0,5.719920008545877,3.980561721582429,0.6417101721264099,0.6524926413087898
t=99100,0.0,5.717207720838169,3.9819767753745747,0.6416169124810145,0.6446314859317532
t=99200,0.0,5.715839076476994,3.984215089208119,0.6415959332849422,0.6367637356236518
t=99300,0.0,5.710549595394313,3.9834772070887645,0.6413504847770339,0.6288408023305391
t=99400,0.0,5.705569135896435,3.9827927383801613,0.6411219514074431,0.6207950302181671
t=99500,0.0,5.700887665446132,3.982158316443356,0.6409093999316021,0.6126427086217086
t=99600,0.0,5.6964960876177075,3.981570956029235,0.6407119942109121,0.6046368113771707
t=99700,0.0,5.692386134657962,3.9810280017056305,0.6405289832616984,0.5965790821446957
t=99800,0.0,5.688550276397707,3.9805270849379246,0.6403596911546809,0.5883760693403653
t=99900,0.0,5.68498164258947,3.980066088153319,0.6402035084345491,0.5802497062823827
